{"coco/bbox_mAP": 0.663, "coco/bbox_mAP_50": 0.939, "coco/bbox_mAP_75": 0.733, "coco/bbox_mAP_s": 0.588, "coco/bbox_mAP_m": 0.826, "coco/bbox_mAP_l": 0.79, "data_time": 0.02026258716254594, "time": 0.15981147010200306}